{"state":{"isStdOutTTY":true,"isStdErrTTY":true,"testRunDurationMs":8956.1084},"metrics":{"http_req_waiting":{"contains":"time","values":{"min":456.1548,"med":546.4286500000001,"max":894.5876,"p(90)":778.17422,"p(95)":836.3809099999999,"avg":579.14161},"type":"trend"},"vus_max":{"type":"gauge","contains":"default","values":{"value":10,"min":10,"max":10}},"http_req_blocked":{"type":"trend","contains":"time","values":{"avg":1375.40887,"min":1368.18,"med":1375.5429,"max":1385.17,"p(90)":1383.37144,"p(95)":1384.27072}},"data_received":{"type":"counter","contains":"data","values":{"rate":1962403.8940841763,"count":17575502}},"http_reqs":{"type":"counter","contains":"default","values":{"rate":1.1165563829039855,"count":10}},"http_req_duration":{"type":"trend","contains":"time","values":{"avg":5445.052570000001,"min":4696.3428,"med":5393.69625,"max":6593.2495,"p(90)":6229.58092,"p(95)":6411.41521}},"http_req_duration{expected_response:true}":{"type":"trend","contains":"time","values":{"avg":5445.052570000001,"min":4696.3428,"med":5393.69625,"max":6593.2495,"p(90)":6229.58092,"p(95)":6411.41521}},"http_req_tls_handshaking":{"type":"trend","contains":"time","values":{"avg":982.6470000000002,"min":965.9739,"med":986.9585999999999,"max":1000.9427,"p(90)":999.0266,"p(95)":999.98465}},"data_sent":{"type":"counter","contains":"data","values":{"count":75890,"rate":8473.546389858346}},"http_req_connecting":{"type":"trend","contains":"time","values":{"p(90)":137.14184999999998,"p(95)":137.142075,"avg":131.74327,"min":111.2932,"med":133.1436,"max":137.1423}},"http_req_failed":{"values":{"rate":0,"passes":0,"fails":10},"type":"rate","contains":"default"},"iterations":{"contains":"default","values":{"count":10,"rate":1.1165563829039855},"type":"counter"},"http_req_sending":{"type":"trend","contains":"time","values":{"avg":6.395129999999999,"min":0,"med":3.4963,"max":15.9905,"p(90)":15.08798,"p(95)":15.53924}},"iteration_duration":{"values":{"med":7766.18175,"max":8955.1502,"p(90)":8608.64156,"p(95)":8781.89588,"avg":7925.624379999999,"min":7346.5658},"type":"trend","contains":"time"},"http_req_receiving":{"contains":"time","values":{"avg":4859.51583,"min":3947.4295,"med":4862.378699999999,"max":6003.5572,"p(90)":5639.56786,"p(95)":5821.56253},"type":"trend"},"checks":{"type":"rate","contains":"default","values":{"rate":1,"passes":10,"fails":0}},"vus":{"type":"gauge","contains":"default","values":{"min":5,"max":10,"value":5}}},"root_group":{"id":"d41d8cd98f00b204e9800998ecf8427e","groups":[],"checks":[{"path":"::status is 200","id":"6210a8cd14cd70477eba5c5e4cb3fb5f","passes":10,"fails":0,"name":"status is 200"}],"name":"","path":""},"options":{"summaryTrendStats":["avg","min","med","max","p(90)","p(95)"],"summaryTimeUnit":"","noColor":false}}